RespId       	HW CD 	Model Name                 	Context	 Temp	TPS	   Duration	 N1	 N2	 N3	Tot	      Date Time   	UPC	Model User Prompt	Eval Duration	Eval Tokens	PromptTokens	SysPmtCd	Model System Prompt    	Web Search Prompt          	Web Search URL     	Doc-File Name          	CPU_GPU                	RAM	OS       	Computer 	Server                               	Response File	
s14_t011.129 	bt04st	qwen2:1.5b                 	   8000	  0.7	156.61	   4.90	  0	  0	  0	  0	  2025-06-01 10:12	TXT	  227	Summarize the key topics...	  1.45	 1238	GKN0-TXTP	Summarize the information and pr...	                           	s14_scoring-prompt.txt 	1 Source, 5872 bytes   	Apple M4               	 16	Sequoia v	Apple Mac	bt04st-studio (xx.xxx.xxx.xxx)       	./docs/a14_grading-app/2025.06.Jun_s14-log-files/s14_t011_qwen2;0.5b_1,1-test on rm228p/s14_t011.129.4.50601.1011_Response.txt
s14_t011.130 	bt04st	qwen2:1.5b                 	   8000	  0.7	154.13	   1.19	  0	  0	  0	  0	  2025-06-01 10:14	TXT	  173	Summarize the key topics...	  1.12	 1238	GKN0-TXTP	Summarize the information and pr...	                           	s14_scoring-prompt.txt 	1 Source, 5872 bytes   	Apple M4               	 16	Sequoia v	Apple Mac	bt04st-studio (xx.xxx.xxx.xxx)       	./docs/a14_grading-app/2025.06.Jun_s14-log-files/s14_t011_qwen2;0.5b_1,1-test on rm228p/s14_t011.130.4.50601.1014_Response.txt
s14_t011.131 	bt04st	qwen2:1.5b                 	   8000	  0.7	157.63	   3.33	  0	  0	  0	  0	  2025-06-01 10:25	TXT	  138	Summarize the key topics...	  0.88	 1238	GKN0-TXTP	Summarize the information and pr...	                           	s14_scoring-prompt.txt 	1 Source, 5872 bytes   	Apple M4               	 16	Sequoia v	Apple Mac	bt04st-studio (xx.xxx.xxx.xxx)       	./docs/a14_grading-app/2025.06.Jun_s14-log-files/s14_t011_qwen2;0.5b_1,1-test on rm228p/s14_t011.131.4.50601.1025_Response.txt
s14_t011.132 	bt04st	qwen2:1.5b                 	   8000	  0.7	159.91	   3.58	  0	  0	  0	  0	  2025-06-01 10:34	TXT	  190	Summarize the key topics...	  1.19	 1238	GKN0-TXTP	Summarize the information and pr...	                           	s14_scoring-prompt.txt 	1 Source, 5872 bytes   	Apple M4               	 16	Sequoia v	Apple Mac	bt04st-studio (xx.xxx.xxx.xxx)       	./docs/a14_grading-app/2025.06.Jun_s14-log-files/s14_t011_qwen2;0.5b_1,1-test on rm228p/s14_t011.132.4.50601.1033_Response.txt
s14_t011.133 	bt04st	qwen2:1.5b                 	   8000	  0.7	158.38	   2.96	  0	  0	  0	  0	  2025-06-01 10:42	TXT	  134	Summarize the key topics...	  0.85	 1238	GKN0-TXTP	Summarize the information and pr...	                           	s14_scoring-prompt.txt 	1 Source, 5872 bytes   	Apple M4               	 16	Sequoia v	Apple Mac	bt04st-studio (xx.xxx.xxx.xxx)       	./docs/a14_grading-app/2025.06.Jun_s14-log-files/s14_t011_qwen2;0.5b_1,1-test on rm228p/s14_t011.133.4.50601.1042_Response.txt
s14_t011.134 	bt04st	qwen2:1.5b                 	   8000	  0.7	136.32	   1.74	  0	  0	  0	  0	  2025-06-01 10:46	TXT	  229	Summarize the key topics...	  1.68	 1238	GKN0-TXTP	Summarize the information and pr...	                           	s14_scoring-prompt.txt 	1 Source, 5872 bytes   	Apple M4               	 16	Sequoia v	Apple Mac	bt04st-studio (xx.xxx.xxx.xxx)       	./docs/a14_grading-app/2025.06.Jun_s14-log-files/s14_t011_qwen2;0.5b_1,1-test on rm228p/s14_t011.134.4.50601.1046_Response.txt
s14_t011.135 	bt04st	qwen2:0.5b                 	   8000	  0.7	225.28	   2.90	  0	  0	  0	  0	  2025-06-01 10:56	AA0	  181	all-usr: What is so spec...	  0.80	 1017	GKN0-INPT	all-sys: Summarize the informati...	                           	s14_scoring-prompt.txt 	1 Source, 4812 bytes   	Apple M4               	 16	Sequoia v	Apple Mac	bt04st-studio (xx.xxx.xxx.xxx)       	./docs/a14_grading-app/2025.06.Jun_s14-log-files/s14_t011_qwen2;0.5b_1,1-test on rm228p/s14_t011.135.4.50601.1056_Response.txt
s14_t011.136 	bt04st	qwen2:0.5b                 	   8000	  0.7	262.05	   8.35	  0	  0	  0	  0	  2025-06-01 11:31	AA0	 1649	  6.29	all-usr: What is so spec...	  750	GKN0-INPT	all-sys: Summarize the informati...	                           	s14_scoring-prompt.txt 	1 Source, 3418 bytes   	Apple M4               	 16	Sequoia v	Apple Mac	bt04st-studio (xx.xxx.xxx.xxx)       	./docs/a14_grading-app/2025.06.Jun_s14-log-files/s14_t011_qwen2;0.5b_1,1-test on rm228p/s14_t011.136.4.50601.1131_Response.txt
s14_t011.137 	bt04st	qwen2:0.5b                 	   8000	  0.7	191.98	   1.05	  0	  0	  0	  0	  2025-06-01 11:35	AA0	  188	  0.98	all-usr: What is so spec...	  750	GKN0-INPT	all-sys: Summarize the informati...	                           	s14_scoring-prompt.txt 	1 Source, 3418 bytes   	Apple M4               	 16	Sequoia v	Apple Mac	bt04st-studio (xx.xxx.xxx.xxx)       	./docs/a14_grading-app/2025.06.Jun_s14-log-files/s14_t011_qwen2;0.5b_1,1-test on rm228p/s14_t011.137.4.50601.1135_Response.txt
s14_t011.138 	bt04st	qwen2:1.5b                 	   8000	  0.7	166.98	   3.06	  0	  0	  0	  0	  2025-06-01 11:41	TXT	  200	  1.20	Summarize the key topics...	  753	GKN0-TXTP	Summarize the information and pr...	                           	s14_scoring-prompt.txt 	1 Source, 3418 bytes   	Apple M4               	 16	Sequoia v	Apple Mac	bt04st-studio (xx.xxx.xxx.xxx)       	./docs/a14_grading-app/2025.06.Jun_s14-log-files/s14_t011_qwen2;0.5b_1,1-test on rm228p/s14_t011.138.4.50601.1140_Response.txt
s14_t011.139 	bt04st	qwen2:0.5b                 	   8000	  0.7	259.67	   4.57	  0	  0	  0	  0	  2025-06-01 12:26	AA0	  485	  1.87	all-usr: What is so spec...	  750	GKN0-INPT	all-sys: Summarize the informati...	                           	s14_scoring-prompt.txt 	1 Source, 3418 bytes   	Apple M4               	 16	Sequoia v	Apple Mac	bt04st-studio (xx.xxx.xxx.xxx)       	./docs/a14_grading-app/2025.06.Jun_s14-log-files/s14_t011_qwen2;0.5b_1,1-test on rm228p/s14_t011.139.4.50601.1226_Response.txt
s14_t011.140 	bt04st	qwen2:0.5b                 	   8000	  0.7	256.67	   2.65	  0	  0	  0	  0	  2025-06-01 12:54	AA0	  191	  0.74	all-usr: What is so spec...	  750	GKN0-INPT	all-sys: Summarize the informati...	                           	s14_scoring-prompt.txt 	1 Source, 3418 bytes   	Apple M4               	 16	Sequoia v	Apple Mac	bt04st-studio (xx.xxx.xxx.xxx)       	./docs/a14_grading-app/2025.06.Jun_s14-log-files/s14_t011_qwen2;0.5b_1,1-test on rm228p/s14_t011.140.4.50601.1254_Response.txt
s14_t011.141 	bt04st	qwen2:0.5b                 	   8000	  0.7	245.64	   5.67	  0	  0	  0	  0	  2025-06-01 13:12	AA0	  444	  1.81	all-usr: What is so spec...	  750	GKN0-INPT	all-sys: Summarize the informati...	                           	s14_scoring-prompt.txt 	1 Source, 3418 bytes   	Apple M4               	 16	Sequoia v	Apple Mac	bt04st-studio (xx.xxx.xxx.xxx)       	./docs/a14_grading-app/2025.06.Jun_s14-log-files/s14_t011_qwen2;0.5b_1,1-test on rm228p/s14_t011.141.4.50601.1312_Response.txt
s14_t011.142 	bt04st	qwen2:0.5b                 	   8000	  0.7	237.75	   3.24	  0	  0	  0	  0	  2025-06-01 13:17	AA0	  254	  1.07	all-usr: What is so spec...	  750	GKN0-INPT	all-sys: Summarize the informati...	                           	s14_scoring-prompt.txt 	1 Source, 3418 bytes   	Apple M4               	 16	Sequoia v	Apple Mac	bt04st-studio (xx.xxx.xxx.xxx)       	./docs/a14_grading-app/2025.06.Jun_s14-log-files/s14_t011_qwen2;0.5b_1,1-test on rm228p/s14_t011.142.4.50601.1317_Response.txt
s14_t011.143 	bt04st	qwen2:0.5b                 	   8000	  0.7	173.25	   1.33	  0	  0	  0	  0	  2025-06-01 13:21	AA0	  218	  1.26	all-usr: What is so spec...	  750	GKN0-INPT	all-sys: Summarize the informati...	                           	s14_scoring-prompt.txt 	1 Source, 3418 bytes   	Apple M4               	 16	Sequoia v	Apple Mac	bt04st-studio (xx.xxx.xxx.xxx)       	./docs/a14_grading-app/2025.06.Jun_s14-log-files/s14_t011_qwen2;0.5b_1,1-test on rm228p/s14_t011.143.4.50601.1321_Response.txt
s14_t011.144 	bt04st	qwen2:0.5b                 	   8000	  0.7	199.34	   1.52	  0	  0	  0	  0	  2025-06-01 13:22	AA0	  294	  1.47	all-usr: What is so spec...	  750	GKN0-INPT	all-sys: Summarize the informati...	                           	s14_scoring-prompt.txt 	1 Source, 3418 bytes   	Apple M4               	 16	Sequoia v	Apple Mac	bt04st-studio (xx.xxx.xxx.xxx)       	./docs/a14_grading-app/2025.06.Jun_s14-log-files/s14_t011_qwen2;0.5b_1,1-test on rm228p/s14_t011.144.4.50601.1322_Response.txt
s14_t011.145 	bt04st	gemma2:2b                  	   8000	  0.7	109.26	   8.17	  0	  0	  0	  0	  2025-06-01 14:28	AA0	  197	  1.80	all-usr: What is so spec...	  788	GKN0-INPT	all-sys: Summarize the informati...	                           	s14_scoring-prompt.txt 	1 Source, 3418 bytes   	Apple M4               	 16	Sequoia v	Apple Mac	bt04st-studio (xx.xxx.xxx.xxx)       	./docs/a14_grading-app/2025.06.Jun_s14-log-files/s14_t011_qwen2;0.5b_1,1-test on rm228p/s14_t011.145.4.50601.1426_Response.txt
s14_t011.146 	bt04st	gemma2:2b                  	   8000	  0.7	111.18	   4.69	  0	  0	  0	  0	  2025-06-01 14:36	AA0	  182	  1.64	all-usr: What is so spec...	  788	GKN0-INPT	all-sys: Summarize the informati...	                           	s14_scoring-prompt.txt 	1 Source, 3418 bytes   	Apple M4               	 16	Sequoia v	Apple Mac	bt04st-studio (xx.xxx.xxx.xxx)       	./docs/a14_grading-app/2025.06.Jun_s14-log-files/s14_t011_qwen2;0.5b_1,1-test on rm228p/s14_t011.146.4.50601.1436_Response.txt
s14_t011.147 	bt04st	gemma2:2b                  	   8000	  0.7	110.68	   4.88	  0	  0	  0	  0	  2025-06-01 14:42	AA0	  236	  2.13	all-usr: What is so spec...	  788	GKN0-INPT	all-sys: Summarize the informati...	                           	s14_scoring-prompt.txt 	1 Source, 3418 bytes   	Apple M4               	 16	Sequoia v	Apple Mac	bt04st-studio (xx.xxx.xxx.xxx)       	./docs/a14_grading-app/2025.06.Jun_s14-log-files/s14_t011_qwen2;0.5b_1,1-test on rm228p/s14_t011.147.4.50601.1441_Response.txt
s14_t011.148 	bt04st	gemma2:2b                  	   8000	  0.7	110.53	   4.83	  0	  0	  0	  0	  2025-06-01 14:49	AA0	  225	  2.04	all-usr: What is so spec...	  788	GKN0-INPT	all-sys: Summarize the informati...	                           	s14_scoring-prompt.txt 	1 Source, 3418 bytes   	Apple M4               	 16	Sequoia v	Apple Mac	bt04st-studio (xx.xxx.xxx.xxx)       	./docs/a14_grading-app/2025.06.Jun_s14-log-files/s14_t011_qwen2;0.5b_1,1-test on rm228p/s14_t011.148.4.50601.1448_Response.txt
s14_t011.149 	bt04st	gemma2:2b                  	   8000	  0.7	 99.16	   2.87	  0	  0	  0	  0	  2025-06-01 14:51	AA0	  273	  2.75	all-usr: What is so spec...	  788	GKN0-INPT	all-sys: Summarize the informati...	                           	s14_scoring-prompt.txt 	1 Source, 3418 bytes   	Apple M4               	 16	Sequoia v	Apple Mac	bt04st-studio (xx.xxx.xxx.xxx)       	./docs/a14_grading-app/2025.06.Jun_s14-log-files/s14_t011_qwen2;0.5b_1,1-test on rm228p/s14_t011.149.4.50601.1451_Response.txt
s14_t011.150 	bt04st	gemma2:2b                  	   8000	  0.7	 95.01	   2.60	  0	  0	  0	  0	  2025-06-01 14:55	AA0	  238	  2.51	all-usr: What is so spec...	  788	GKN0-INPT	all-sys: Summarize the informati...	                           	s14_scoring-prompt.txt 	1 Source, 3418 bytes   	Apple M4               	 16	Sequoia v	Apple Mac	bt04st-studio (xx.xxx.xxx.xxx)       	./docs/a14_grading-app/2025.06.Jun_s14-log-files/s14_t011_qwen2;0.5b_1,1-test on rm228p/s14_t011.150.4.50601.1455_Response.txt
s14_t011.151 	bt04st	gemma2:2b                  	   8000	  0.7	110.41	   5.24	  0	  0	  0	  0	  2025-06-01 15:00	AA0	  274	  2.48	all-usr: What is so spec...	  788	GKN0-INPT	all-sys: Summarize the informati...	                           	s14_scoring-prompt.txt 	1 Source, 3418 bytes   	Apple M4               	 16	Sequoia v	Apple Mac	bt04st-studio (xx.xxx.xxx.xxx)       	./docs/a14_grading-app/2025.06.Jun_s14-log-files/s14_t011_qwen2;0.5b_1,1-test on rm228p/s14_t011.151.4.50601.1459_Response.txt
s14_t011.152 	bt04st	gemma2:2b                  	   8000	  0.7	   NaN	    NaN	  0	  0	  0	  0	  2025-06-01 15:05	AA0	  NaN	   NaN	all-usr: What is so spec...	  NaN	GKN0-INPT	all-sys: Summarize the informati...	                           	s14_scoring-prompt.txt 	1 Source, 3418 bytes   	Apple M4               	 16	Sequoia v	Apple Mac	bt04st-studio (xx.xxx.xxx.xxx)       	./docs/a14_grading-app/2025.06.Jun_s14-log-files/s14_t011_qwen2;0.5b_1,1-test on rm228p/s14_t011.152.4.50601.1504_Response.txt
s14_t011.153 	bt04st	gemma2:2b                  	   8000	  0.7	   NaN	    NaN	  0	  0	  0	  0	  2025-06-01 15:06	AA0	  NaN	   NaN	all-usr: What is so spec...	  NaN	GKN0-INPT	all-sys: Summarize the informati...	                           	s14_scoring-prompt.txt 	1 Source, 3418 bytes   	Apple M4               	 16	Sequoia v	Apple Mac	bt04st-studio (xx.xxx.xxx.xxx)       	./docs/a14_grading-app/2025.06.Jun_s14-log-files/s14_t011_qwen2;0.5b_1,1-test on rm228p/s14_t011.153.4.50601.1506_Response.txt
s14_t011.154 	bt04st	gemma2:2b                  	   8000	  0.7	   NaN	    NaN	  0	  0	  0	  0	  2025-06-01 15:09	AA0	  NaN	   NaN	all-usr: What is so spec...	  NaN	GKN0-INPT	all-sys: Summarize the informati...	                           	s14_scoring-prompt.txt 	1 Source, 3418 bytes   	Apple M4               	 16	Sequoia v	Apple Mac	bt04st-studio (xx.xxx.xxx.xxx)       	./docs/a14_grading-app/2025.06.Jun_s14-log-files/s14_t011_qwen2;0.5b_1,1-test on rm228p/s14_t011.154.4.50601.1509_Response.txt
s14_t011.155 	bt04st	gemma2:2b                  	   8000	  0.7	   NaN	    NaN	  0	  0	  0	  0	  2025-06-01 15:11	AA0	  NaN	   NaN	all-usr: What is so spec...	  NaN	GKN0-INPT	all-sys: Summarize the informati...	                           	s14_scoring-prompt.txt 	1 Source, 3418 bytes   	Apple M4               	 16	Sequoia v	Apple Mac	bt04st-studio (xx.xxx.xxx.xxx)       	./docs/a14_grading-app/2025.06.Jun_s14-log-files/s14_t011_qwen2;0.5b_1,1-test on rm228p/s14_t011.155.4.50601.1511_Response.txt
s14_t011.156 	bt04st	gemma2:2b                  	   8000	  0.7	   NaN	    NaN	  0	  0	  0	  0	  2025-06-01 15:13	AA0	  NaN	   NaN	all-usr: What is so spec...	  NaN	GKN0-INPT	all-sys: Summarize the informati...	                           	s14_scoring-prompt.txt 	1 Source, 3418 bytes   	Apple M4               	 16	Sequoia v	Apple Mac	bt04st-studio (xx.xxx.xxx.xxx)       	./docs/a14_grading-app/2025.06.Jun_s14-log-files/s14_t011_qwen2;0.5b_1,1-test on rm228p/s14_t011.156.4.50601.1513_Response.txt
s14_t011.157 	bt04st	gemma2:2b                  	   8000	  0.7	   NaN	    NaN	  0	  0	  0	  0	  2025-06-01 15:13	AA0	  NaN	   NaN	all-usr: What is so spec...	  NaN	GKN0-INPT	all-sys: Summarize the informati...	                           	s14_scoring-prompt.txt 	1 Source, 3418 bytes   	Apple M4               	 16	Sequoia v	Apple Mac	bt04st-studio (xx.xxx.xxx.xxx)       	./docs/a14_grading-app/2025.06.Jun_s14-log-files/s14_t011_qwen2;0.5b_1,1-test on rm228p/s14_t011.157.4.50601.1513_Response.txt
s14_t011.158 	bt04st	gemma2:2b                  	   8000	  0.7	   NaN	    NaN	  0	  0	  0	  0	  2025-06-01 15:15	AA0	  NaN	   NaN	all-usr: What is so spec...	  NaN	GKN0-INPT	all-sys: Summarize the informati...	                           	s14_scoring-prompt.txt 	1 Source, 3418 bytes   	Apple M4               	 16	Sequoia v	Apple Mac	bt04st-studio (xx.xxx.xxx.xxx)       	./docs/a14_grading-app/2025.06.Jun_s14-log-files/s14_t011_qwen2;0.5b_1,1-test on rm228p/s14_t011.158.4.50601.1515_Response.txt
s14_t011.159 	bt04st	gemma2:2b                  	   8000	  0.7	   NaN	    NaN	  0	  0	  0	  0	  2025-06-01 15:18	AA0	  NaN	   NaN	all-usr: What is so spec...	  NaN	GKN0-INPT	all-sys: Summarize the informati...	                           	s14_scoring-prompt.txt 	1 Source, 3418 bytes   	Apple M4               	 16	Sequoia v	Apple Mac	bt04st-studio (xx.xxx.xxx.xxx)       	./docs/a14_grading-app/2025.06.Jun_s14-log-files/s14_t011_qwen2;0.5b_1,1-test on rm228p/s14_t011.159.4.50601.1518_Response.txt
s14_t011.160 	bt04st	gemma2:2b                  	   8000	  0.7	   NaN	    NaN	  0	  0	  0	  0	  2025-06-01 15:19	AA0	  NaN	   NaN	all-usr: What is so spec...	  NaN	GKN0-INPT	all-sys: Summarize the informati...	                           	s14_scoring-prompt.txt 	1 Source, 3418 bytes   	Apple M4               	 16	Sequoia v	Apple Mac	bt04st-studio (xx.xxx.xxx.xxx)       	./docs/a14_grading-app/2025.06.Jun_s14-log-files/s14_t011_qwen2;0.5b_1,1-test on rm228p/s14_t011.160.4.50601.1519_Response.txt
s14_t011.161 	bt04st	gemma2:2b                  	   8000	  0.7	   NaN	    NaN	  0	  0	  0	  0	  2025-06-01 15:21	AA0	  NaN	   NaN	all-usr: What is so spec...	  NaN	GKN0-INPT	all-sys: Summarize the informati...	                           	s14_scoring-prompt.txt 	1 Source, 3418 bytes   	Apple M4               	 16	Sequoia v	Apple Mac	bt04st-studio (xx.xxx.xxx.xxx)       	./docs/a14_grading-app/2025.06.Jun_s14-log-files/s14_t011_qwen2;0.5b_1,1-test on rm228p/s14_t011.161.4.50601.1521_Response.txt
s14_t011.162 	bt04st	gemma2:2b                  	   8000	  0.7	   NaN	    NaN	  0	  0	  0	  0	  2025-06-01 15:22	AA0	  NaN	   NaN	all-usr: What is so spec...	  NaN	GKN0-INPT	all-sys: Summarize the informati...	                           	s14_scoring-prompt.txt 	1 Source, 3418 bytes   	Apple M4               	 16	Sequoia v	Apple Mac	bt04st-studio (xx.xxx.xxx.xxx)       	./docs/a14_grading-app/2025.06.Jun_s14-log-files/s14_t011_qwen2;0.5b_1,1-test on rm228p/s14_t011.162.4.50601.1522_Response.txt
s14_t011.163 	bt04st	gemma2:2b                  	   8000	  0.7	   NaN	    NaN	  0	  0	  0	  0	  2025-06-01 15:24	AA0	  NaN	   NaN	all-usr: What is so spec...	  NaN	GKN0-INPT	all-sys: Summarize the informati...	                           	s14_scoring-prompt.txt 	1 Source, 3418 bytes   	Apple M4               	 16	Sequoia v	Apple Mac	bt04st-studio (xx.xxx.xxx.xxx)       	./docs/a14_grading-app/2025.06.Jun_s14-log-files/s14_t011_qwen2;0.5b_1,1-test on rm228p/s14_t011.163.4.50601.1524_Response.txt
s14_t011.164 	bt04st	gemma2:2b                  	   8000	  0.7	   NaN	    NaN	  0	  0	  0	  0	  2025-06-01 15:35	AA0	  NaN	   NaN	all-usr: What is so spec...	  NaN	GKN0-INPT	all-sys: Summarize the informati...	                           	s14_scoring-prompt.txt 	1 Source, 3418 bytes   	Apple M4               	 16	Sequoia v	Apple Mac	bt04st-studio (xx.xxx.xxx.xxx)       	./docs/a14_grading-app/2025.06.Jun_s14-log-files/s14_t011_qwen2;0.5b_1,1-test on rm228p/s14_t011.164.4.50601.1535_Response.txt
s14_t011.165 	bt04st	gemma2:2b                  	   8000	  0.7	   NaN	    NaN	  0	  0	  0	  0	  2025-06-01 15:40	AA0	  NaN	   NaN	all-usr: What is so spec...	  NaN	GKN0-INPT	all-sys: Summarize the informati...	                           	s14_scoring-prompt.txt 	1 Source, 3418 bytes   	Apple M4               	 16	Sequoia v	Apple Mac	bt04st-studio (xx.xxx.xxx.xxx)       	./docs/a14_grading-app/2025.06.Jun_s14-log-files/s14_t011_qwen2;0.5b_1,1-test on rm228p/s14_t011.165.4.50601.1540_Response.txt
s14_t011.166 	bt04st	gemma2:2b                  	   8000	  0.7	108.88	   4.57	  0	  0	  0	  0	  2025-06-01 15:41	AA0	  154	  1.41	all-usr: What is so spec...	  870	GKN0-INPT	all-sys: Summarize the informati...	                           	s14_scoring-prompt.txt 	1 Source, 3748 bytes   	Apple M4               	 16	Sequoia v	Apple Mac	bt04st-studio (xx.xxx.xxx.xxx)       	./docs/a14_grading-app/2025.06.Jun_s14-log-files/s14_t011_qwen2;0.5b_1,1-test on rm228p/s14_t011.166.4.50601.1541_Response.txt
s14_t011.167 	bt04st	gemma2:2b                  	   8000	  0.7	112.01	   2.05	  0	  0	  0	  0	  2025-06-01 15:42	AA0	  218	  1.95	all-usr: What is so spec...	  821	GKN0-INPT	all-sys: Summarize the informati...	                           	s14_scoring-prompt.txt 	1 Source, 3566 bytes   	Apple M4               	 16	Sequoia v	Apple Mac	bt04st-studio (xx.xxx.xxx.xxx)       	./docs/a14_grading-app/2025.06.Jun_s14-log-files/s14_t011_qwen2;0.5b_1,1-test on rm228p/s14_t011.167.4.50601.1542_Response.txt
s14_t011.168 	bt04st	gemma2:2b                  	   8000	  0.7	110.53	   2.38	  0	  0	  0	  0	  2025-06-01 15:42	AA0	  250	  2.26	all-usr: What is so spec...	  854	GKN0-INPT	all-sys: Summarize the informati...	                           	s14_scoring-prompt.txt 	1 Source, 3746 bytes   	Apple M4               	 16	Sequoia v	Apple Mac	bt04st-studio (xx.xxx.xxx.xxx)       	./docs/a14_grading-app/2025.06.Jun_s14-log-files/s14_t011_qwen2;0.5b_1,1-test on rm228p/s14_t011.168.4.50601.1542_Response.txt
s14_t011.169 	bt04st	gemma2:2b                  	   8000	  0.7	111.00	   2.37	  0	  0	  0	  0	  2025-06-01 15:43	AA0	  251	  2.26	all-usr: What is so spec...	  907	GKN0-INPT	all-sys: Summarize the informati...	                           	s14_scoring-prompt.txt 	1 Source, 4042 bytes   	Apple M4               	 16	Sequoia v	Apple Mac	bt04st-studio (xx.xxx.xxx.xxx)       	./docs/a14_grading-app/2025.06.Jun_s14-log-files/s14_t011_qwen2;0.5b_1,1-test on rm228p/s14_t011.169.4.50601.1543_Response.txt
s14_t011.170 	bt04st	gemma2:2b                  	   8000	  0.7	111.14	   2.80	  0	  0	  0	  0	  2025-06-01 15:43	AA0	  297	  2.67	all-usr: What is so spec...	 1039	GKN0-INPT	all-sys: Summarize the informati...	                           	s14_scoring-prompt.txt 	1 Source, 4785 bytes   	Apple M4               	 16	Sequoia v	Apple Mac	bt04st-studio (xx.xxx.xxx.xxx)       	./docs/a14_grading-app/2025.06.Jun_s14-log-files/s14_t011_qwen2;0.5b_1,1-test on rm228p/s14_t011.170.4.50601.1543_Response.txt
s14_t011.171 	bt04st	gemma2:2b                  	   8000	  0.7	108.27	   2.63	  0	  0	  0	  0	  2025-06-01 15:43	AA0	  275	  2.54	all-usr: What is so spec...	  919	GKN0-INPT	all-sys: Summarize the informati...	                           	s14_scoring-prompt.txt 	1 Source, 4047 bytes   	Apple M4               	 16	Sequoia v	Apple Mac	bt04st-studio (xx.xxx.xxx.xxx)       	./docs/a14_grading-app/2025.06.Jun_s14-log-files/s14_t011_qwen2;0.5b_1,1-test on rm228p/s14_t011.171.4.50601.1543_Response.txt
s14_t011.172 	bt04st	gemma2:2b                  	   8000	  0.7	111.07	   2.21	  0	  0	  0	  0	  2025-06-01 15:45	AA0	  232	  2.09	all-usr: What is so spec...	  988	GKN0-INPT	all-sys: Summarize the informati...	                           	s14_scoring-prompt.txt 	1 Source, 4306 bytes   	Apple M4               	 16	Sequoia v	Apple Mac	bt04st-studio (xx.xxx.xxx.xxx)       	./docs/a14_grading-app/2025.06.Jun_s14-log-files/s14_t011_qwen2;0.5b_1,1-test on rm228p/s14_t011.172.4.50601.1545_Response.txt
s14_t011.173 	bt04st	gemma2:2b                  	   8000	  0.7	106.34	   2.18	  0	  0	  0	  0	  2025-06-01 15:46	AA0	  222	  2.09	all-usr: What is so spec...	  937	GKN0-INPT	all-sys: Summarize the informati...	                           	s14_scoring-prompt.txt 	1 Source, 4155 bytes   	Apple M4               	 16	Sequoia v	Apple Mac	bt04st-studio (xx.xxx.xxx.xxx)       	./docs/a14_grading-app/2025.06.Jun_s14-log-files/s14_t011_qwen2;0.5b_1,1-test on rm228p/s14_t011.173.4.50601.1546_Response.txt
s14_t011.174 	bt04st	gemma2:2b                  	   8000	  0.7	110.43	   2.99	  0	  0	  0	  0	  2025-06-01 15:46	AA0	  314	  2.84	all-usr: What is so spec...	 1110	GKN0-INPT	all-sys: Summarize the informati...	                           	s14_scoring-prompt.txt 	1 Source, 5028 bytes   	Apple M4               	 16	Sequoia v	Apple Mac	bt04st-studio (xx.xxx.xxx.xxx)       	./docs/a14_grading-app/2025.06.Jun_s14-log-files/s14_t011_qwen2;0.5b_1,1-test on rm228p/s14_t011.174.4.50601.1546_Response.txt
s14_t011.175 	bt04st	gemma2:2b                  	   8000	  0.7	108.89	   2.20	  0	  0	  0	  0	  2025-06-01 15:47	AA0	  229	  2.10	all-usr: What is so spec...	  999	GKN0-INPT	all-sys: Summarize the informati...	                           	s14_scoring-prompt.txt 	1 Source, 4394 bytes   	Apple M4               	 16	Sequoia v	Apple Mac	bt04st-studio (xx.xxx.xxx.xxx)       	./docs/a14_grading-app/2025.06.Jun_s14-log-files/s14_t011_qwen2;0.5b_1,1-test on rm228p/s14_t011.175.4.50601.1547_Response.txt
s14_t011.176 	bt04st	qwen2:0.5b                 	   8000	  0.7	262.95	   6.37	  0	  0	  0	  0	  2025-06-01 15:48	AA0	 1157	  4.40	all-usr: What is so spec...	  891	GKN0-INPT	all-sys: Summarize the informati...	                           	s14_scoring-prompt.txt 	1 Source, 4164 bytes   	Apple M4               	 16	Sequoia v	Apple Mac	bt04st-studio (xx.xxx.xxx.xxx)       	./docs/a14_grading-app/2025.06.Jun_s14-log-files/s14_t011_qwen2;0.5b_1,1-test on rm228p/s14_t011.176.4.50601.1548_Response.txt
s14_t011.177 	bt04st	qwen2:0.5b                 	   8000	  0.7	231.19	   2.60	  0	  0	  0	  0	  2025-06-01 16:03	AA0	  126	  0.55	all-usr: What is so spec...	 1131	GKN0-INPT	all-sys: Summarize the informati...	                           	s14_scoring-prompt.txt 	1 Source, 5245 bytes   	Apple M4               	 16	Sequoia v	Apple Mac	bt04st-studio (xx.xxx.xxx.xxx)       	./docs/a14_grading-app/2025.06.Jun_s14-log-files/s14_t011_qwen2;0.5b_1,1-test on rm228p/s14_t011.177.4.50601.1603_Response.txt
s14_t011.178 	bt04st	qwen2:0.5b                 	   8000	  0.7	246.90	   3.82	  0	  0	  0	  0	  2025-06-01 16:06	AA0	  417	  1.69	all-usr: What is so spec...	  888	GKN0-INPT	all-sys: Summarize the informati...	                           	s14_scoring-prompt.txt 	1 Source, 4161 bytes   	Apple M4               	 16	Sequoia v	Apple Mac	bt04st-studio (xx.xxx.xxx.xxx)       	./docs/a14_grading-app/2025.06.Jun_s14-log-files/s14_t011_qwen2;0.5b_1,1-test on rm228p/s14_t011.178.4.50601.1606_Response.txt
s14_t011.179 	bt04st	qwen2:0.5b                 	   8000	  0.7	257.66	   2.68	  0	  0	  0	  0	  2025-06-01 16:06	AA0	  257	  1.00	all-usr: What is so spec...	 1179	GKN0-INPT	all-sys: Summarize the informati...	                           	s14_scoring-prompt.txt 	1 Source, 5509 bytes   	Apple M4               	 16	Sequoia v	Apple Mac	bt04st-studio (xx.xxx.xxx.xxx)       	./docs/a14_grading-app/2025.06.Jun_s14-log-files/s14_t011_qwen2;0.5b_1,1-test on rm228p/s14_t011.179.4.50601.1606_Response.txt
s14_t011.180 	bt04st	qwen2:0.5b                 	   8000	  0.7	264.17	   3.51	  0	  0	  0	  0	  2025-06-01 16:14	AA0	  358	  1.36	all-usr: What is so spec...	  925	GKN0-INPT	all-sys: Summarize the informati...	                           	s14_scoring-prompt.txt 	1 Source, 4342 bytes   	Apple M4               	 16	Sequoia v	Apple Mac	bt04st-studio (xx.xxx.xxx.xxx)       	./docs/a14_grading-app/2025.06.Jun_s14-log-files/s14_t011_qwen2;0.5b_1,1-test on rm228p/s14_t011.180.4.50601.1614_Response.txt
s14_t011.181 	bt04st	qwen2:0.5b                 	   8000	  0.7	260.14	   3.24	  0	  0	  0	  0	  2025-06-01 16:17	AA0	  280	  1.08	all-usr: What is so spec...	 1035	GKN0-INPT	all-sys: Summarize the informati...	                           	s14_scoring-prompt.txt 	1 Source, 5014 bytes   	Apple M4               	 16	Sequoia v	Apple Mac	bt04st-studio (xx.xxx.xxx.xxx)       	./docs/a14_grading-app/2025.06.Jun_s14-log-files/s14_t011_qwen2;0.5b_1,1-test on rm228p/s14_t011.181.4.50601.1617_Response.txt
s14_t011.182 	bt04st	qwen2:0.5b                 	   8000	  0.7	234.47	   3.07	  0	  0	  0	  0	  2025-06-01 16:18	AA0	  214	  0.91	all-usr: What is so spec...	  820	GKN0-INPT	all-sys: Summarize the informati...	                           	s14_scoring-prompt.txt 	1 Source, 3839 bytes   	Apple M4               	 16	Sequoia v	Apple Mac	bt04st-studio (xx.xxx.xxx.xxx)       	./docs/a14_grading-app/2025.06.Jun_s14-log-files/s14_t011_qwen2;0.5b_1,1-test on rm228p/s14_t011.182.4.50601.1618_Response.txt
s14_t011.183 	bt04st	qwen2:0.5b                 	   8000	  0.7	255.00	   5.50	  0	  0	  0	  0	  2025-06-01 16:20	AA0	  956	  3.75	all-usr: What is so spec...	  773	GKN0-INPT	all-sys: Summarize the informati...	                           	s14_scoring-prompt.txt 	1 Source, 3514 bytes   	Apple M4               	 16	Sequoia v	Apple Mac	bt04st-studio (xx.xxx.xxx.xxx)       	./docs/a14_grading-app/2025.06.Jun_s14-log-files/s14_t011_qwen2;0.5b_1,1-test on rm228p/s14_t011.183.4.50601.1620_Response.txt
s14_t011.184 	bt04st	qwen2:0.5b                 	   8000	  0.7	240.60	   3.17	  0	  0	  0	  0	  2025-06-01 16:22	AA0	  224	  0.93	all-usr: What is so spec...	 2106	GKN0-INPT	all-sys: Summarize the informati...	                           	s14_scoring-prompt.txt 	1 Source, 10512 bytes  	Apple M4               	 16	Sequoia v	Apple Mac	bt04st-studio (xx.xxx.xxx.xxx)       	./docs/a14_grading-app/2025.06.Jun_s14-log-files/s14_t011_qwen2;0.5b_1,1-test on rm228p/s14_t011.184.4.50601.1622_Response.txt
s14_t011.185 	bt04st	qwen2:0.5b                 	   8000	  0.7	250.58	   4.36	  0	  0	  0	  0	  2025-06-01 16:30	AA0	  577	  2.30	all-usr: What is so spec...	  913	GKN0-INPT	all-sys: Summarize the informati...	                           	s14_scoring-prompt.txt 	1 Source, 4216 bytes   	Apple M4               	 16	Sequoia v	Apple Mac	bt04st-studio (xx.xxx.xxx.xxx)       	./docs/a14_grading-app/2025.06.Jun_s14-log-files/s14_t011_qwen2;0.5b_1,1-test on rm228p/s14_t011.185.4.50601.1630_Response.txt
s14_t011.186 	bt04st	qwen2:0.5b                 	   8000	  0.7	263.20	   6.69	  0	  0	  0	  0	  2025-06-01 16:31	AA0	 1196	  4.54	all-usr: What is so spec...	  998	GKN0-INPT	all-sys: Summarize the informati...	                           	s14_scoring-prompt.txt 	1 Source, 4427 bytes   	Apple M4               	 16	Sequoia v	Apple Mac	bt04st-studio (xx.xxx.xxx.xxx)       	./docs/a14_grading-app/2025.06.Jun_s14-log-files/s14_t011_qwen2;0.5b_1,1-test on rm228p/s14_t011.186.4.50601.1631_Response.txt
s14_t011.187 	bt04st	qwen2:0.5b                 	   8000	  0.7	256.27	   3.21	  0	  0	  0	  0	  2025-06-01 16:31	AA0	  287	  1.12	all-usr: What is so spec...	  847	GKN0-INPT	all-sys: Summarize the informati...	                           	s14_scoring-prompt.txt 	1 Source, 3718 bytes   	Apple M4               	 16	Sequoia v	Apple Mac	bt04st-studio (xx.xxx.xxx.xxx)       	./docs/a14_grading-app/2025.06.Jun_s14-log-files/s14_t011_qwen2;0.5b_1,1-test on rm228p/s14_t011.187.4.50601.1631_Response.txt
s14_t011.188 	bt04st	qwen2:0.5b                 	   8000	  0.7	252.24	   3.11	  0	  0	  0	  0	  2025-06-01 16:51	AA0	  235	  0.93	all-usr: What is so spec...	  996	GKN0-INPT	all-sys: Summarize the informati...	                           	s14_scoring-prompt.txt 	1 Source, 4864 bytes   	Apple M4               	 16	Sequoia v	Apple Mac	bt04st-studio (xx.xxx.xxx.xxx)       	./docs/a14_grading-app/2025.06.Jun_s14-log-files/s14_t011_qwen2;0.5b_1,1-test on rm228p/s14_t011.188.4.50601.1651_Response.txt
s14_t011.189 	bt04st	qwen2:0.5b                 	   8000	  0.7	276.22	   3.63	  0	  0	  0	  0	  2025-06-01 16:52	AA0	  417	  1.51	all-usr: What is so spec...	  891	GKN0-INPT	all-sys: Summarize the informati...	                           	s14_scoring-prompt.txt 	1 Source, 4054 bytes   	Apple M4               	 16	Sequoia v	Apple Mac	bt04st-studio (xx.xxx.xxx.xxx)       	./docs/a14_grading-app/2025.06.Jun_s14-log-files/s14_t011_qwen2;0.5b_1,1-test on rm228p/s14_t011.189.4.50601.1652_Response.txt
s14_t011.190 	bt04st	qwen2:0.5b                 	   8000	  0.7	262.57	   3.08	  0	  0	  0	  0	  2025-06-01 16:55	AA0	  238	  0.91	all-usr: What is so spec...	 1021	GKN0-INPT	all-sys: Summarize the informati...	                           	s14_scoring-prompt.txt 	1 Source, 4880 bytes   	Apple M4               	 16	Sequoia v	Apple Mac	bt04st-studio (xx.xxx.xxx.xxx)       	./docs/a14_grading-app/2025.06.Jun_s14-log-files/s14_t011_qwen2;0.5b_1,1-test on rm228p/s14_t011.190.4.50601.1655_Response.txt
s14_t011.191 	bt04st	qwen2:0.5b                 	   8000	  0.7	270.08	   5.71	  0	  0	  0	  0	  2025-06-01 16:57	AA0	  972	  3.60	all-usr: What is so spec...	  942	GKN0-INPT	all-sys: Summarize the informati...	                           	s14_scoring-prompt.txt 	1 Source, 4411 bytes   	Apple M4               	 16	Sequoia v	Apple Mac	bt04st-studio (xx.xxx.xxx.xxx)       	./docs/a14_grading-app/2025.06.Jun_s14-log-files/s14_t011_qwen2;0.5b_1,1-test on rm228p/s14_t011.191.4.50601.1657_Response.txt
s14_t011.192 	bt04st	qwen2:0.5b                 	   8000	  0.7	273.16	   4.99	  0	  0	  0	  0	  2025-06-01 16:59	AA0	  773	  2.83	all-usr: What is so spec...	  889	GKN0-INPT	all-sys: Summarize the informati...	                           	s14_scoring-prompt.txt 	1 Source, 4130 bytes   	Apple M4               	 16	Sequoia v	Apple Mac	bt04st-studio (xx.xxx.xxx.xxx)       	./docs/a14_grading-app/2025.06.Jun_s14-log-files/s14_t011_qwen2;0.5b_1,1-test on rm228p/s14_t011.192.4.50601.1659_Response.txt
s14_t011.193 	bt04st	qwen2:0.5b                 	   8000	  0.7	263.07	   3.08	  0	  0	  0	  0	  2025-06-01 17:00	AA0	  237	  0.90	all-usr: What is so spec...	 1038	GKN0-INPT	all-sys: Summarize the informati...	                           	s14_scoring-prompt.txt 	1 Source, 4988 bytes   	Apple M4               	 16	Sequoia v	Apple Mac	bt04st-studio (xx.xxx.xxx.xxx)       	./docs/a14_grading-app/2025.06.Jun_s14-log-files/s14_t011_qwen2;0.5b_1,1-test on rm228p/s14_t011.193.4.50601.1700_Response.txt
s14_t011.194 	bt04st	qwen2:0.5b                 	   8000	  0.7	260.80	  14.22	  0	  0	  0	  0	  2025-06-01 17:02	AA0	 3156	 12.10	all-usr: What is so spec...	 1041	GKN0-INPT	all-sys: Summarize the informati...	                           	s14_scoring-prompt.txt 	1 Source, 4964 bytes   	Apple M4               	 16	Sequoia v	Apple Mac	bt04st-studio (xx.xxx.xxx.xxx)       	./docs/a14_grading-app/2025.06.Jun_s14-log-files/s14_t011_qwen2;0.5b_1,1-test on rm228p/s14_t011.194.4.50601.1702_Response.txt
s14_t011.195 	bt04st	qwen2:0.5b                 	   8000	  0.7	232.64	   3.09	  0	  0	  0	  0	  2025-06-01 17:36	TXT	  224	  0.96	Summarize the key topics...	 1044	GKN0-TXTP	Summarize the information and pr...	                           	s14_scoring-prompt.txt 	1 Source, 4964 bytes   	Apple M4               	 16	Sequoia v	Apple Mac	bt04st-studio (xx.xxx.xxx.xxx)       	./docs/a14_grading-app/2025.06.Jun_s14-log-files/s14_t011_qwen2;0.5b_1,1-test on rm228p/s14_t011.195.4.50601.1735_Response.txt
s14_t011.196 	bt04st	qwen2:0.5b                 	   8000	  0.7	235.91	   4.50	  0	  0	  0	  0	  2025-06-01 17:38	TXT	 1040	  4.41	Summarize the key topics...	 1044	GKN0-TXTP	Summarize the information and pr...	                           	s14_scoring-prompt.txt 	1 Source, 4964 bytes   	Apple M4               	 16	Sequoia v	Apple Mac	bt04st-studio (xx.xxx.xxx.xxx)       	./docs/a14_grading-app/2025.06.Jun_s14-log-files/s14_t011_qwen2;0.5b_1,1-test on rm228p/s14_t011.196.4.50601.1737_Response.txt
s14_t011.197 	bt04st	qwen2:0.5b                 	   8000	  0.7	231.61	   1.21	  0	  0	  0	  0	  2025-06-01 17:40	TXT	  249	  1.08	Summarize the key topics...	 1044	GKN0-TXTP	Summarize the information and pr...	                           	s14_scoring-prompt.txt 	1 Source, 4964 bytes   	Apple M4               	 16	Sequoia v	Apple Mac	bt04st-studio (xx.xxx.xxx.xxx)       	./docs/a14_grading-app/2025.06.Jun_s14-log-files/s14_t011_qwen2;0.5b_1,1-test on rm228p/s14_t011.197.4.50601.1740_Response.txt
s14_t011.198 	bt04st	qwen2:0.5b                 	   8000	  0.7	256.39	   3.56	  0	  0	  0	  0	  2025-06-01 20:00	TXT	  325	  1.27	Summarize the key topics...	 1044	GKN0-TXTP	Summarize the information and pr...	                           	s14_scoring-prompt.txt 	1 Source, 4964 bytes   	Apple M4               	 16	Sequoia v	Apple Mac	bt04st-studio (xx.xxx.xxx.xxx)       	./docs/a14_grading-app/2025.06.Jun_s14-log-files/s14_t011_qwen2;0.5b_1,1-test on rm228p/s14_t011.198.4.50601.2000_Response.txt
s14_t011.199 	bt04st	qwen2:0.5b                 	   8000	  0.7	122.61	   0.72	  0	  0	  0	  0	  2025-06-01 20:02	TXT	   79	  0.64	Summarize the key topics...	 1044	GKN0-TXTP	Summarize the information and pr...	                           	s14_scoring-prompt.txt 	1 Source, 4964 bytes   	Apple M4               	 16	Sequoia v	Apple Mac	bt04st-studio (xx.xxx.xxx.xxx)       	./docs/a14_grading-app/2025.06.Jun_s14-log-files/s14_t011_qwen2;0.5b_1,1-test on rm228p/s14_t011.199.4.50601.2002_Response.txt
s14_t011.200 	bt04st	qwen2:0.5b                 	   8000	  0.7	260.62	   7.75	  0	  0	  0	  0	  2025-06-01 20:15	TXT	 1401	  5.38	Summarize the key topics...	 1044	GKN0-TXTP	Summarize the information and pr...	                           	s14_scoring-prompt.txt 	1 Source, 4964 bytes   	Apple M4               	 16	Sequoia v	Apple Mac	bt04st-studio (xx.xxx.xxx.xxx)       	./docs/a14_grading-app/2025.06.Jun_s14-log-files/s14_t011_qwen2;0.5b_1,1-test on rm228p/s14_t011.200.4.50601.2015_Response.txt
s14_t011.201 	bt04st	qwen2:0.5b                 	   8000	  0.7	258.30	   3.47	  0	  0	  0	  0	  2025-06-01 20:21	TXT	  421	  1.63	Summarize the key topics...	 1044	GKN0-TXTP	Summarize the information and pr...	                           	s14_scoring-prompt.txt 	1 Source, 4964 bytes   	Apple M4               	 16	Sequoia v	Apple Mac	bt04st-studio (xx.xxx.xxx.xxx)       	./docs/a14_grading-app/2025.06.Jun_s14-log-files/s14_t011_qwen2;0.5b_1,1-test on rm228p/s14_t011.201.4.50601.2021_Response.txt
s14_t011.202 	bt04st	qwen2:0.5b                 	   8000	  0.7	268.57	   2.64	  0	  0	  0	  0	  2025-06-01 20:27	TXT	  204	  0.76	Summarize the key topics...	 1044	GKN0-TXTP	Summarize the information and pr...	                           	s14_scoring-prompt.txt 	1 Source, 4964 bytes   	Apple M4               	 16	Sequoia v	Apple Mac	bt04st-studio (xx.xxx.xxx.xxx)       	./docs/a14_grading-app/2025.06.Jun_s14-log-files/s14_t011_qwen2;0.5b_1,1-test on rm228p/s14_t011.202.4.50601.2027_Response.txt
s14_t011.203 	bt04st	qwen2:0.5b                 	   8000	  0.7	265.60	   2.61	  0	  0	  0	  0	  2025-06-01 20:34	TXT	  192	  0.72	Summarize the key topics...	 1044	GKN0-TXTP	Summarize the information and pr...	                           	s14_scoring-prompt.txt 	1 Source, 4964 bytes   	Apple M4               	 16	Sequoia v	Apple Mac	bt04st-studio (xx.xxx.xxx.xxx)       	./docs/a14_grading-app/2025.06.Jun_s14-log-files/s14_t011_qwen2;0.5b_1,1-test on rm228p/s14_t011.203.4.50601.2034_Response.txt
s14_t011.204 	bt04st	qwen2:0.5b                 	   8000	  0.7	196.52	   2.13	  0	  0	  0	  0	  2025-06-01 20:36	TXT	  402	  2.05	Summarize the key topics...	 1044	GKN0-TXTP	Summarize the information and pr...	                           	s14_scoring-prompt.txt 	1 Source, 4964 bytes   	Apple M4               	 16	Sequoia v	Apple Mac	bt04st-studio (xx.xxx.xxx.xxx)       	./docs/a14_grading-app/2025.06.Jun_s14-log-files/s14_t011_qwen2;0.5b_1,1-test on rm228p/s14_t011.204.4.50601.2036_Response.txt
s14_t011.205 	bt04st	qwen2:0.5b                 	   8000	  0.7	232.81	   2.72	  0	  0	  0	  0	  2025-06-01 20:42	TXT	  190	  0.82	Summarize the key topics...	 1044	GKN0-TXTP	Summarize the information and pr...	                           	s14_scoring-prompt.txt 	1 Source, 4964 bytes   	Apple M4               	 16	Sequoia v	Apple Mac	bt04st-studio (xx.xxx.xxx.xxx)       	./docs/a14_grading-app/2025.06.Jun_s14-log-files/s14_t011_qwen2;0.5b_1,1-test on rm228p/s14_t011.205.4.50601.2042_Response.txt
s14_t011.206 	bt04st	qwen2:0.5b                 	   8000	  0.7	263.37	   2.46	  0	  0	  0	  0	  2025-06-01 21:03	TXT	   83	  0.32	Summarize the key topics...	 1044	GKN0-TXTP	Summarize the information and pr...	                           	s14_scoring-prompt.txt 	1 Source, 4964 bytes   	Apple M4               	 16	Sequoia v	Apple Mac	bt04st-studio (xx.xxx.xxx.xxx)       	./docs/a14_grading-app/2025.06.Jun_s14-log-files/s14_t011_qwen2;0.5b_1,1-test on rm228p/s14_t011.206.4.50601.2103_Response.txt
s14_t011.207 	bt04st	qwen2:0.5b                 	   8000	  0.7	203.87	   1.14	  0	  0	  0	  0	  2025-06-01 21:05	TXT	  217	  1.06	Summarize the key topics...	 1044	GKN0-TXTP	Summarize the information and pr...	                           	s14_scoring-prompt.txt 	1 Source, 4964 bytes   	Apple M4               	 16	Sequoia v	Apple Mac	bt04st-studio (xx.xxx.xxx.xxx)       	./docs/a14_grading-app/2025.06.Jun_s14-log-files/s14_t011_qwen2;0.5b_1,1-test on rm228p/s14_t011.207.4.50601.2104_Response.txt
s14_t011.208 	bt04st	qwen2:0.5b                 	   8000	  0.7	258.02	   3.05	  0	  0	  0	  0	  2025-06-01 21:05	TXT	  762	  2.95	Summarize the key topics...	 1044	GKN0-TXTP	Summarize the information and pr...	                           	s14_scoring-prompt.txt 	1 Source, 4964 bytes   	Apple M4               	 16	Sequoia v	Apple Mac	bt04st-studio (xx.xxx.xxx.xxx)       	./docs/a14_grading-app/2025.06.Jun_s14-log-files/s14_t011_qwen2;0.5b_1,1-test on rm228p/s14_t011.208.4.50601.2105_Response.txt
s14_t011.209 	bt04st	qwen2:0.5b                 	   8000	  0.7	199.48	   1.68	  0	  0	  0	  0	  2025-06-01 21:05	TXT	  320	  1.60	Summarize the key topics...	 1044	GKN0-TXTP	Summarize the information and pr...	                           	s14_scoring-prompt.txt 	1 Source, 4964 bytes   	Apple M4               	 16	Sequoia v	Apple Mac	bt04st-studio (xx.xxx.xxx.xxx)       	./docs/a14_grading-app/2025.06.Jun_s14-log-files/s14_t011_qwen2;0.5b_1,1-test on rm228p/s14_t011.209.4.50601.2105_Response.txt
s14_t011.210 	bt04st	qwen2:0.5b                 	   8000	  0.7	216.27	   2.40	  0	  0	  0	  0	  2025-06-01 21:06	TXT	  500	  2.31	Summarize the key topics...	 1044	GKN0-TXTP	Summarize the information and pr...	                           	s14_scoring-prompt.txt 	1 Source, 4964 bytes   	Apple M4               	 16	Sequoia v	Apple Mac	bt04st-studio (xx.xxx.xxx.xxx)       	./docs/a14_grading-app/2025.06.Jun_s14-log-files/s14_t011_qwen2;0.5b_1,1-test on rm228p/s14_t011.210.4.50601.2106_Response.txt
s14_t011.211 	bt04st	qwen2:0.5b                 	   8000	  0.7	245.69	  12.57	  0	  0	  0	  0	  2025-06-01 21:22	TXT	 2552	 10.39	Summarize the key topics...	 1044	GKN0-TXTP	Summarize the information and pr...	                           	s14_scoring-prompt.txt 	1 Source, 4964 bytes   	Apple M4               	 16	Sequoia v	Apple Mac	bt04st-studio (xx.xxx.xxx.xxx)       	./docs/a14_grading-app/2025.06.Jun_s14-log-files/s14_t011_qwen2;0.5b_1,1-test on rm228p/s14_t011.211.4.50601.2122_Response.txt
s14_t011.212 	bt04st	qwen2:0.5b                 	   8000	  0.7	243.57	   2.63	  0	  0	  0	  0	  2025-06-01 21:26	TXT	  619	  2.54	Summarize the key topics...	 1044	GKN0-TXTP	Summarize the information and pr...	                           	s14_scoring-prompt.txt 	1 Source, 4964 bytes   	Apple M4               	 16	Sequoia v	Apple Mac	bt04st-studio (xx.xxx.xxx.xxx)       	./docs/a14_grading-app/2025.06.Jun_s14-log-files/s14_t011_qwen2;0.5b_1,1-test on rm228p/s14_t011.212.4.50601.2126_Response.txt
s14_t011.213 	bt04st	qwen2:0.5b                 	   8000	  0.7	247.12	   1.04	  0	  0	  0	  0	  2025-06-01 21:29	TXT	  234	  0.95	Summarize the key topics...	 1044	GKN0-TXTP	Summarize the information and pr...	                           	s14_scoring-prompt.txt 	1 Source, 4964 bytes   	Apple M4               	 16	Sequoia v	Apple Mac	bt04st-studio (xx.xxx.xxx.xxx)       	./docs/a14_grading-app/2025.06.Jun_s14-log-files/s14_t011_qwen2;0.5b_1,1-test on rm228p/s14_t011.213.4.50601.2129_Response.txt
s14_t011.214 	bt04st	qwen2:0.5b                 	   8000	  0.7	236.42	   3.21	  0	  0	  0	  0	  2025-06-01 21:30	TXT	  738	  3.12	Summarize the key topics...	 1044	GKN0-TXTP	Summarize the information and pr...	                           	s14_scoring-prompt.txt 	1 Source, 4964 bytes   	Apple M4               	 16	Sequoia v	Apple Mac	bt04st-studio (xx.xxx.xxx.xxx)       	./docs/a14_grading-app/2025.06.Jun_s14-log-files/s14_t011_qwen2;0.5b_1,1-test on rm228p/s14_t011.214.4.50601.2130_Response.txt
s14_t011.215 	bt04st	qwen2:0.5b                 	   8000	  0.7	174.45	   1.17	  0	  0	  0	  0	  2025-06-01 21:30	TXT	  191	  1.09	Summarize the key topics...	 1044	GKN0-TXTP	Summarize the information and pr...	                           	s14_scoring-prompt.txt 	1 Source, 4964 bytes   	Apple M4               	 16	Sequoia v	Apple Mac	bt04st-studio (xx.xxx.xxx.xxx)       	./docs/a14_grading-app/2025.06.Jun_s14-log-files/s14_t011_qwen2;0.5b_1,1-test on rm228p/s14_t011.215.4.50601.2130_Response.txt
s14_t011.216 	bt04st	qwen2:0.5b                 	   8000	  0.7	252.66	   1.76	  0	  0	  0	  0	  2025-06-01 21:32	TXT	  424	  1.68	Summarize the key topics...	 1044	GKN0-TXTP	Summarize the information and pr...	                           	s14_scoring-prompt.txt 	1 Source, 4964 bytes   	Apple M4               	 16	Sequoia v	Apple Mac	bt04st-studio (xx.xxx.xxx.xxx)       	./docs/a14_grading-app/2025.06.Jun_s14-log-files/s14_t011_qwen2;0.5b_1,1-test on rm228p/s14_t011.216.4.50601.2132_Response.txt
s14_t011.217 	bt04st	qwen2:0.5b                 	   8000	  0.7	252.38	   4.94	  0	  0	  0	  0	  2025-06-01 21:33	TXT	 1225	  4.85	Summarize the key topics...	 1044	GKN0-TXTP	Summarize the information and pr...	                           	s14_scoring-prompt.txt 	1 Source, 4964 bytes   	Apple M4               	 16	Sequoia v	Apple Mac	bt04st-studio (xx.xxx.xxx.xxx)       	./docs/a14_grading-app/2025.06.Jun_s14-log-files/s14_t011_qwen2;0.5b_1,1-test on rm228p/s14_t011.217.4.50601.2133_Response.txt
s14_t011.218 	bt04st	qwen2:0.5b                 	   8000	  0.7	228.62	   3.46	  0	  0	  0	  0	  2025-06-01 21:38	TXT	  773	  3.38	Summarize the key topics...	 1044	GKN0-TXTP	Summarize the information and pr...	                           	s14_scoring-prompt.txt 	1 Source, 4964 bytes   	Apple M4               	 16	Sequoia v	Apple Mac	bt04st-studio (xx.xxx.xxx.xxx)       	./docs/a14_grading-app/2025.06.Jun_s14-log-files/s14_t011_qwen2;0.5b_1,1-test on rm228p/s14_t011.218.4.50601.2138_Response.txt
s14_t011.219 	bt04st	qwen2:0.5b                 	   8000	  0.7	209.41	   1.31	  0	  0	  0	  0	  2025-06-01 21:38	TXT	  257	  1.23	Summarize the key topics...	 1044	GKN0-TXTP	Summarize the information and pr...	                           	s14_scoring-prompt.txt 	1 Source, 4964 bytes   	Apple M4               	 16	Sequoia v	Apple Mac	bt04st-studio (xx.xxx.xxx.xxx)       	./docs/a14_grading-app/2025.06.Jun_s14-log-files/s14_t011_qwen2;0.5b_1,1-test on rm228p/s14_t011.219.4.50601.2138_Response.txt
s14_t011.220 	bt04st	qwen2:0.5b                 	   8000	  0.7	271.81	   3.70	  0	  0	  0	  0	  2025-06-01 21:50	TXT	  434	  1.60	Summarize the key topics...	 1044	GKN0-TXTP	Summarize the information and pr...	                           	s14_scoring-prompt.txt 	1 Source, 4964 bytes   	Apple M4               	 16	Sequoia v	Apple Mac	bt04st-studio (xx.xxx.xxx.xxx)       	./docs/a14_grading-app/2025.06.Jun_s14-log-files/s14_t011_qwen2;0.5b_1,1-test on rm228p/s14_t011.220.4.50601.2150_Response.txt
s14_t011.221 	bt04st	gemma2:2b                  	   8000	  0.7	114.93	   8.74	  0	  0	  0	  0	  2025-06-02 07:19	AA0	  293	  2.55	all-usr: What is so spec...	  966	GKN0-INPT	all-sys: Summarize the informati...	                           	s14_scoring-prompt.txt 	1 Source, 4432 bytes   	Apple M4               	 16	Sequoia v	Apple Mac	bt04st-studio (xx.xxx.xxx.xxx)       	./docs/a14_grading-app/2025.06.Jun_s14-log-files/s14_t011_qwen2;0.5b_1,1-test on rm228p/s14_t011.221.4.50602.0718_Response.txt
s14_t011.222 	bt04st	gemma2:2b                  	   8000	  0.7	114.19	   5.18	  0	  0	  0	  0	  2025-06-02 07:26	AA0	  276	  2.42	all-usr: What is so spec...	 1024	GKN0-INPT	all-sys: Summarize the informati...	                           	s14_scoring-prompt.txt 	1 Source, 4598 bytes   	Apple M4               	 16	Sequoia v	Apple Mac	bt04st-studio (xx.xxx.xxx.xxx)       	./docs/a14_grading-app/2025.06.Jun_s14-log-files/s14_t011_qwen2;0.5b_1,1-test on rm228p/s14_t011.222.4.50602.0726_Response.txt
s14_t011.223 	bt04st	gemma2:2b                  	   8000	  0.7	   NaN	    NaN	  0	  0	  0	  0	  2025-06-02 07:27	AA0	  NaN	   NaN	all-usr: What is so spec...	  NaN	GKN0-INPT	all-sys: Summarize the informati...	                           	s14_scoring-prompt.txt 	1 Source, 3418 bytes   	Apple M4               	 16	Sequoia v	Apple Mac	bt04st-studio (xx.xxx.xxx.xxx)       	./docs/a14_grading-app/2025.06.Jun_s14-log-files/s14_t011_qwen2;0.5b_1,1-test on rm228p/s14_t011.223.4.50602.0727_Response.txt
s14_t011.224 	bt04st	gemma2:2b                  	   8000	  0.7	   NaN	    NaN	  0	  0	  0	  0	  2025-06-02 07:29	AA0	  NaN	   NaN	all-usr: What is so spec...	  NaN	GKN0-INPT	all-sys: Summarize the informati...	                           	s14_scoring-prompt.txt 	1 Source, 3418 bytes   	Apple M4               	 16	Sequoia v	Apple Mac	bt04st-studio (xx.xxx.xxx.xxx)       	./docs/a14_grading-app/2025.06.Jun_s14-log-files/s14_t011_qwen2;0.5b_1,1-test on rm228p/s14_t011.224.4.50602.0729_Response.txt
s14_t011.225 	bt04st	gemma2:2b                  	   8000	  0.7	   NaN	    NaN	  0	  0	  0	  0	  2025-06-02 07:32	AA0	  NaN	   NaN	all-usr: What is so spec...	  NaN	GKN0-INPT	all-sys: Summarize the informati...	                           	s14_scoring-prompt.txt 	1 Source, 3418 bytes   	Apple M4               	 16	Sequoia v	Apple Mac	bt04st-studio (xx.xxx.xxx.xxx)       	./docs/a14_grading-app/2025.06.Jun_s14-log-files/s14_t011_qwen2;0.5b_1,1-test on rm228p/s14_t011.225.4.50602.0732_Response.txt
s14_t011.226 	bt04st	gemma2:2b                  	   8000	  0.7	   NaN	    NaN	  0	  0	  0	  0	  2025-06-02 07:33	AA0	  NaN	   NaN	all-usr: What is so spec...	  NaN	GKN0-INPT	all-sys: Summarize the informati...	                           	s14_scoring-prompt.txt 	1 Source, 3418 bytes   	Apple M4               	 16	Sequoia v	Apple Mac	bt04st-studio (xx.xxx.xxx.xxx)       	./docs/a14_grading-app/2025.06.Jun_s14-log-files/s14_t011_qwen2;0.5b_1,1-test on rm228p/s14_t011.226.4.50602.0733_Response.txt
s14_t011.227 	bt04st	gemma2:2b                  	   8000	  0.7	   NaN	    NaN	  0	  0	  0	  0	  2025-06-02 07:34	AA0	  NaN	   NaN	all-usr: What is so spec...	  NaN	GKN0-INPT	all-sys: Summarize the informati...	                           	s14_scoring-prompt.txt 	1 Source, 3418 bytes   	Apple M4               	 16	Sequoia v	Apple Mac	bt04st-studio (xx.xxx.xxx.xxx)       	./docs/a14_grading-app/2025.06.Jun_s14-log-files/s14_t011_qwen2;0.5b_1,1-test on rm228p/s14_t011.227.4.50602.0734_Response.txt
s14_t011.228 	bt04st	gemma2:2b                  	   8000	  0.7	   NaN	    NaN	  0	  0	  0	  0	  2025-06-02 07:39	AA0	  NaN	   NaN	all-usr: What is so spec...	  NaN	GKN0-INPT	all-sys: Summarize the informati...	                           	s14_scoring-prompt.txt 	1 Source, 3418 bytes   	Apple M4               	 16	Sequoia v	Apple Mac	bt04st-studio (xx.xxx.xxx.xxx)       	./docs/a14_grading-app/2025.06.Jun_s14-log-files/s14_t011_qwen2;0.5b_1,1-test on rm228p/s14_t011.228.4.50602.0738_Response.txt
s14_t011.229 	bt04st	gemma2:2b                  	   8000	  0.7	   NaN	    NaN	  0	  0	  0	  0	  2025-06-02 07:39	AA0	  NaN	   NaN	all-usr: What is so spec...	  NaN	GKN0-INPT	all-sys: Summarize the informati...	                           	s14_scoring-prompt.txt 	1 Source, 3418 bytes   	Apple M4               	 16	Sequoia v	Apple Mac	bt04st-studio (xx.xxx.xxx.xxx)       	./docs/a14_grading-app/2025.06.Jun_s14-log-files/s14_t011_qwen2;0.5b_1,1-test on rm228p/s14_t011.229.4.50602.0739_Response.txt
s14_t011.230 	bt04st	gemma2:2b                  	   8000	  0.7	109.18	   4.60	  0	  0	  0	  0	  2025-06-02 07:42	AA0	  241	  2.21	all-usr: What is so spec...	 1000	GKN0-INPT	all-sys: Summarize the informati...	                           	s14_scoring-prompt.txt 	1 Source, 4531 bytes   	Apple M4               	 16	Sequoia v	Apple Mac	bt04st-studio (xx.xxx.xxx.xxx)       	./docs/a14_grading-app/2025.06.Jun_s14-log-files/s14_t011_qwen2;0.5b_1,1-test on rm228p/s14_t011.230.4.50602.0742_Response.txt
s14_t011.231 	bt04st	gemma2:2b                  	   8000	  0.7	113.01	   2.49	  0	  0	  0	  0	  2025-06-02 07:46	AA0	  262	  2.32	all-usr: What is so spec...	 1060	GKN0-INPT	all-sys: Summarize the informati...	                           	s14_scoring-prompt.txt 	1 Source, 4899 bytes   	Apple M4               	 16	Sequoia v	Apple Mac	bt04st-studio (xx.xxx.xxx.xxx)       	./docs/a14_grading-app/2025.06.Jun_s14-log-files/s14_t011_qwen2;0.5b_1,1-test on rm228p/s14_t011.231.4.50602.0745_Response.txt
s14_t011.232 	bt04st	gemma2:2b                  	   8000	  0.7	109.35	   2.89	  0	  0	  0	  0	  2025-06-02 07:47	AA0	  294	  2.69	all-usr: What is so spec...	 1251	GKN0-INPT	all-sys: Summarize the informati...	                           	s14_scoring-prompt.txt 	1 Source, 5715 bytes   	Apple M4               	 16	Sequoia v	Apple Mac	bt04st-studio (xx.xxx.xxx.xxx)       	./docs/a14_grading-app/2025.06.Jun_s14-log-files/s14_t011_qwen2;0.5b_1,1-test on rm228p/s14_t011.232.4.50602.0747_Response.txt
s14_t011.233 	bt04st	gemma2:2b                  	   8000	  0.7	113.33	   2.06	  0	  0	  0	  0	  2025-06-02 07:48	AA0	  215	  1.90	all-usr: What is so spec...	  834	GKN0-INPT	all-sys: Summarize the informati...	                           	s14_scoring-prompt.txt 	1 Source, 3625 bytes   	Apple M4               	 16	Sequoia v	Apple Mac	bt04st-studio (xx.xxx.xxx.xxx)       	./docs/a14_grading-app/2025.06.Jun_s14-log-files/s14_t011_qwen2;0.5b_1,1-test on rm228p/s14_t011.233.4.50602.0748_Response.txt
s14_t011.234 	bt04st	qwen2:0.5b                 	   8000	  0.7	257.91	   3.28	  0	  0	  0	  0	  2025-06-02 08:27	AA0	  228	  0.88	all-usr: What is so spec...	  943	GKN0-INPT	all-sys: Summarize the informati...	                           	s14_scoring-prompt.txt 	1 Source, 4337 bytes   	Apple M4               	 16	Sequoia v	Apple Mac	bt04st-studio (xx.xxx.xxx.xxx)       	./docs/a14_scoring-app/2025.06.Jun_s14-log-files/s14_t011_qwen2;0.5b_1,1-test on rm228p/s14_t011.234.4.50602.0827_Response.txt
s14_t011.235 	bt04st	qwen2:0.5b                 	   8000	  0.7	   NaN	    NaN	  0	  0	  0	  0	  2025-06-02 08:30	AA0	  NaN	   NaN	all-usr: What is so spec...	  NaN	GKN0-INPT	all-sys: Summarize the informati...	                           	s14_scoring-prompt.txt 	1 Source, 3418 bytes   	Apple M4               	 16	Sequoia v	Apple Mac	bt04st-studio (xx.xxx.xxx.xxx)       	./docs/a14_scoring-app/2025.06.Jun_s14-log-files/s14_t011_qwen2;0.5b_1,1-test on rm228p/s14_t011.235.4.50602.0830_Response.txt
s14_t011.236 	bt04st	qwen2:0.5b                 	   8000	  0.7	266.29	   2.82	  0	  0	  0	  0	  2025-06-02 08:44	AA0	  181	  0.68	all-usr: What is so spec...	  976	GKN0-INPT	all-sys: Summarize the informati...	                           	s14_scoring-prompt.txt 	1 Source, 4578 bytes   	Apple M4               	 16	Sequoia v	Apple Mac	bt04st-studio (xx.xxx.xxx.xxx)       	./docs/a14_scoring-app/2025.06.Jun_s14-log-files/s14_t011_qwen2;0.5b_1,1-test on rm228p/s14_t011.236.4.50602.0844_Response.txt
s14_t011.237 	bt04st	qwen2:0.5b                 	   8000	  0.7	220.74	   2.64	  0	  0	  0	  0	  2025-06-02 08:44	AA0	   90	  0.41	all-usr: What is so spec...	  998	GKN0-INPT	all-sys: Summarize the informati...	                           	s14_scoring-prompt.txt 	1 Source, 4763 bytes   	Apple M4               	 16	Sequoia v	Apple Mac	bt04st-studio (xx.xxx.xxx.xxx)       	./docs/a14_scoring-app/2025.06.Jun_s14-log-files/s14_t011_qwen2;0.5b_1,1-test on rm228p/s14_t011.237.4.50602.0844_Response.txt
s14_t011.238 	bt04st	qwen2:0.5b                 	   8000	  0.7	267.51	   3.06	  0	  0	  0	  0	  2025-06-02 08:49	AA0	  237	  0.89	all-usr: What is so spec...	  665	GKN0-INPT	all-sys: Summarize the informati...	                           	s14_scoring-prompt.txt 	1 Source, 2976 bytes   	Apple M4               	 16	Sequoia v	Apple Mac	bt04st-studio (xx.xxx.xxx.xxx)       	./docs/a14_scoring-app/2025.06.Jun_s14-log-files/s14_t011_qwen2;0.5b_1,1-test on rm228p/s14_t011.238.4.50602.0849_Response.txt
s14_t011.239 	bt04st	qwen2:0.5b                 	   8000	  0.7	270.57	   2.96	  0	  0	  0	  0	  2025-06-02 08:50	AA0	  207	  0.77	all-usr: What is so spec...	  845	GKN0-INPT	all-sys: Summarize the informati...	                           	s14_scoring-prompt.txt 	1 Source, 3895 bytes   	Apple M4               	 16	Sequoia v	Apple Mac	bt04st-studio (xx.xxx.xxx.xxx)       	./docs/a14_scoring-app/2025.06.Jun_s14-log-files/s14_t011_qwen2;0.5b_1,1-test on rm228p/s14_t011.239.4.50602.0850_Response.txt
